項番,単語,意味
1,a．m．,午前
2,about,について、に関する
3,above,上に，上記の
4,abroad,外国に、海外に
5,abroad,外国に，海外に
6,absent,欠席の
7,abundant,豊富な，富んだ
8,academic,学術の，大学の
9,accept,を受け入れる
10,accident,事故
11,accommodation,宿泊施設
12,according,による，準じて
13,accounting,会計，計算
14,accurately,正確に
15,achievement,達成
16,acknowledged,認めた
17,across,横断して
18,action,行動
19,activity,活動
20,actor,俳優
21,actually,実は，本当は
22,add,加える
23,addition,追加
24,address,住所
25,adjust,を調節する，適合させる
26,admire,を賞賛する
27,adoption,採用，受け入れ
28,advertise,宣伝する，広告する
29,advertising,広告
30,advice,忠告
31,advise,助言する
32,affect,に影響を与える
33,afford,余裕がある
34,afford,の余裕がある
35,afraid,こわがって
36,afraid,心配して，恐れて
37,after,～のあとに
38,afternoon,午後
39,again,もう一度、再び、また
40,against,に対抗して、反対して
41,age,年齢
42,aggressive,攻撃的な
43,ago,～の前に
44,agree,賛成する
45,agricultural,農業の
46,ahead,前方に
47,aim,ねらいをつける
48,airline,航空会社
49,airplane,飛行機
50,airport,空港
51,alive,生きて
52,all,全部、全員、全て、みな
53,almost,ほとんど
54,almost,ほとんど，たいてい
55,alone,独りで
56,along,に沿って
57,alongside,と一緒に，並行して
58,already,すでに
59,also,もまた
60,although,であるけれど
61,always,いつも
62,am,です、ます
63,amaze,をびっくりさせる
64,amazing,驚くべき
65,amendment,修正
66,among,の中で
67,amount,量，額
68,an,1つの、1人の
69,ancestral,先祖の，祖先の
70,ancient,古代の
71,and,それと
72,angle,角度
73,angry,怒って
74,animal,動物
75,announce,を発表する
76,announcement,発表
77,another,ほかの、別の
78,answer,に答える
79,anticipate,期待する
80,any,どれもない
81,anyway,ともかく
82,apart,離れて
83,apart from,から離れて
84,ape,類人猿，大猿
85,apologize,謝る
86,apparently,明らかに
87,appear,現れる
88,appear,現れる，出現する
89,appearance,出現，外見
90,apple,りんご
91,apply,当てはまる
92,apply,適用する
93,appoint,任命する，指定する
94,appreciate,感謝する，を高く評価する
95,appreciation,感謝，称賛
96,April,４月
97,apron,エプロン、前かけ
98,archaeological,考古学の
99,architecture,建築
100,are,です、ます
101,area,区域、場所、地域
102,argue,だと主張する，感情的に論じる
103,arm,腕
104,armed,武装した
105,arms,武器
106,army,陸軍
107,around,の近くに
108,arrest,を逮捕する
109,arrive,到着する
110,arrow,矢
111,art,美術
112,article,記事
113,artificial,人工的な，作り物の
114,artistic,芸術的な
115,as,として
116,as a consequence,結果として
117,ashamed,恥じて
118,ask,をたのむ
119,aspect,局面，側面，表情
120,assault,暴行，攻撃
121,asset,資産
122,assimilation,同化，吸収
123,associate,結びつけて考える，賛同する
124,assume,を想定する，とみなす
125,at,【場所】に、で
126,ate,食べた（過去形）
127,attempt,試み，試行
128,attend,に通う，に出席する
129,attire,服装
130,attribute,に帰する
131,audience,聴衆，観客
132,August,8月
133,aunt,おば
134,authentic,本物の
135,authority,権威
136,autumn,秋
137,available,利用できる
138,aviation,航空，航空機産業
139,avoid,を避ける，を回避する
140,awake,目が覚める
141,aware,気づいている，知っている
142,away,はなれて、去って
143,awesome,すばらしい
144,awkward,ぎこちない，不器用な
145,baby,赤ん坊
146,back,戻って、返して
147,bad,悪い
148,bag,かばん
149,bake,焼く
150,ban,を禁止する
151,barber,散髪屋
152,barely,かろうじて，やっと
153,bark,吠える/木の皮
154,barn,納屋
155,barrier,障壁
156,baseball,野球
157,batch,ひとまとめ
158,bath,入浴
159,battery,電池
160,be,である、になる
161,be tidied up,きちんと片づけた，整えた
162,be willing to,する気のある
163,beach,浜、海辺
164,bean,豆
165,bear,クマ
166,beautiful,美しい
167,beauty,美しさ、美
168,because,だから、なので
169,become,になる
170,bed,ベッド
171,beef,牛肉
172,beer,ビール
173,before,の前に
174,began,始めた
175,begin,を始める
176,beginner,初心者
177,beginning,最初
178,behalf of,に代わって，代理の
179,behave,振る舞う
180,behavior,ふるまい
181,behavioral,行動上の，行動の
182,behind,の後ろに
183,behind,背後に
184,believe,信じる
185,believe in,を信じる，信用する
186,belong,のものである
187,belong,に属する
188,belongings,持ち物
189,below,下に，下記の
190,benevolent,慈悲深い，親切な
191,beside,の側に
192,besides,そのうえ，さらに
193,best,最も良い
194,bet,賭ける
195,betray,裏切る
196,better,より良い
197,between,と～の間で
198,beyond,をこえたところに
199,beyond,を超えたところに
200,bias,偏見，先入観
201,biased toward,に対する偏見，偏った見方
202,bicycle,自転車
203,big,大きい
204,bike,自転車
205,bill,請求書
206,billion,10億
207,biography．,伝記
208,biological,生物学上の
209,bird,鳥
210,birthday,誕生日
211,bit,少し
212,black,黒い
213,blame,を非難する，糾弾する
214,bleak,吹きさらしの，荒涼とした
215,blend in,溶け合う，調和する
216,blind,目の見えない
217,block,を妨げる
218,blood,血
219,blow,吹く
220,blue,青い
221,body,身体
222,boil,ゆでる，煮る
223,bomb,爆弾
224,book,本
225,bookstore,本屋
226,border,国境
227,bored,退屈した
228,born,生まれる
229,borrow,を借りる
230,both,両方
231,both A and B,AとBの両方
232,bother,面倒
233,bottom,底，底辺
234,bought,買った（過去形）
235,bout,試合，競技
236,bowl,鉢
237,box,箱
238,boy,少年
239,brain,頭脳
240,branch,枝
241,brave,勇敢な
242,bread,パン
243,break,壊れる，破る
244,breakfast,朝食
245,breed,を飼育する，繁殖する
246,bribery,賄賂の授受，贈収賄
247,bridge,橋
248,brief,短い，短時間の
249,bright,明るい
250,bring,持って来る
251,brother,兄弟
252,brown,茶色
253,brush,をみがく
254,build,を建てる
255,building,建物
256,built,を建てた
257,bulletin,速報，告示
258,bump into,出くわす，衝突する
259,burden,負担，重荷
260,bureau,事務局，たんす
261,burn,を燃やす
262,business,商売
263,busy,忙しい
264,but,しかし、けれども
265,buy,を買う
266,by,【手段・方法・原因】によって
267,cake,ケーキ
268,call,に電話をかける
269,calligraphy,書道
270,calm,落ちついた
271,came,来た（過去形）
272,can,【能力・可能】することができる
273,cancer,がん
274,candle,ろうそく
275,cannot,できない
276,cap,帽子
277,capital,首都
278,capital,首都，資本
279,captivity,監禁，囚禁
280,capture,を捕まえる
281,car,自動車
282,care,世話
283,career,職業
284,careful,注意深い
285,carefully,注意深く
286,carpenter,大工
287,carpet,じゅうたん
288,carry,を運ぶ
289,carry-on,続ける
290,case,場合
291,cat,猫
292,catalyst,触媒，刺激物
293,catch,を捕まえる
294,cause,原因，の原因となる
295,cavity,空洞，虫歯
296,central,中心の
297,century,世紀
298,certain,確かな
299,certain,確かな，間違いのない
300,certainly,承知しました
301,chain,くさり
302,chair,いす
303,change,変わる
304,charge,を充電する
305,charm,魅力
306,cheap,安い
307,check,を調べる
308,checkup,検診
309,chemical,化学物質
310,chicken,鶏肉
311,child,子供
312,childhood,子供のころ
313,children,子供たち
314,China,中国
315,Chinese,中国語
316,choose,を選ぶ
317,chronicle,年代記
318,church,教会
319,circle,円
320,circumvent,出し抜く，回避する
321,citizen,市民
322,city,市、都会、都会
323,clarity,明快さ
324,class,授業
325,classmate,同級生
326,classroom,教室
327,clay,粘土
328,clean,きれいな、清潔な
329,clearly,はっきりと
330,clerk,店員
331,clever,利口な
332,climate,気候
333,climb,を登る
334,close,閉じる
335,closely,密接に， 綿密に
336,clot,固まり，凝固塊
337,cloth,布
338,clothes,服
339,cloud,雲
340,cloudy,曇った
341,clue,手がかり，糸口
342,coal,石炭
343,coast,海岸，沿岸地域
344,coin,硬貨
345,cold,冷たい、寒い
346,collect,を集める
347,college,大学
348,colony,植民地
349,colorful,色彩に富んだ
350,colossal,巨大な，途方もなく大きい
351,combat,戦闘
352,come,来る
353,come down with,病気などにかかる，罹患する
354,comedy,喜劇
355,comfort,快適さ／慰める
356,commerce,商業，商売
357,commissioned,委託された
358,commit,専念，ゆだねる
359,common,共通の
360,common,共通の，共同の
361,communal,共同の，共有の
362,communicate,連絡する
363,commuter,通勤者
364,company,会社
365,comparison,比較
366,compensation,補償，賠償
367,compete,競争する
368,competition,競争
369,competitive,競争力のある，競争による
370,complement,補足物
371,complete,完成する，完了する
372,completely,完全に，全く
373,complex,複雑な，複合の
374,compliant,従順な，応じる
375,compliment,褒め言葉
376,component,成分，部品
377,compose,構成する
378,comprehend,理解する，把握する
379,comprise,含む，構成する
380,conceal,隠す，秘密にする
381,conception,概念，考え
382,concrete,具体的な
383,condition,状況
384,conference,会議
385,conflict,対立，争い
386,confuse,を混乱させる，区別がつかない
387,connect,を結びつける
388,conscience,良心，道徳心
389,consent,同意する
390,considerably,かなり
391,consist,成り立つ
392,consistent,一貫した，矛盾のない
393,consistently,一貫して，常に
394,consolidate,統合する，合併する
395,conspicuous,目立った，顕著な
396,consumer,消費者
397,contact,接触
398,contamination,汚染，汚染物質
399,contemporary,現在の，現代の
400,contemporary,現在の，現代の，同時代の
401,content,中身
402,continent,大陸
403,continuation,継続，持続
404,continue,を続ける
405,contractor,請負業者，契約者
406,control,を管理する
407,controversy,論争，議論
408,convenience,便利
409,convenient,便利な
410,convenient,都合がよい，便利な
411,convent,修道院，僧院
412,conversion,変換
413,convince,を納得させる
414,cook,料理する
415,cool,かっこいい
416,corner,かど
417,could,できた
418,counter,に対抗する
419,counterfeit,偽造する，偽造品を作る
420,country,国
421,countryside,田舎
422,couple,夫婦
423,courage,勇気
424,course,進路
425,cousin,いとこ
426,cover,覆う
427,cow,ウシ
428,crane,鶴
429,crazy,気の狂った
430,create,を創造する
431,creative,創造力のある
432,credibility,信頼性，信用
433,crisp,新鮮な，さっぱりした
434,critic,批評家，評論家
435,criticism,批判
436,cross,を横切る，渡る
437,crowd,群衆
438,cry,泣く
439,cultivate,耕作する
440,cultivate,を耕作する，を栽培する
441,cultural,文化の
442,culture,文化
443,cup,カップ
444,cure,治療する
445,curious,好奇心の強い
446,current,現在の，現行の
447,custodian,管理人
448,custom,習慣
449,custom,慣習，習慣
450,custom-made,注文で作った
451,customer,顧客
452,cut,切る
453,cute,かわいい
454,cynical,皮肉な，冷笑的な
455,daily,日常の
456,dam,ダム
457,damage,に損害を与える
458,dangerous,危険な
459,date,日、日付
460,daughter,娘
461,day,日、１日
462,dead,死んだ
463,dear,親愛なる
464,death,死
465,debate,討論
466,debt,借金，負債
467,decay,腐る，朽ちる
468,December,12月
469,decide,を決める
470,decide,を決める，決定する
471,decision,決定
472,decision,決定，決心
473,decor,装飾
474,decrease,減少する
475,deep,深い
476,definitely,もちろん，確かに
477,deliberately,故意に，慎重に
478,delicious,おいしい
479,delight,喜び，歓喜
480,delivery,配達
481,dentistry,歯科
482,deny,を否定する
483,depart,出発する
484,departure,出発
485,depend,頼る
486,derive,を引き出す
487,desert,砂漠
488,design,を設計する
489,designation,指定，選定
490,desire,願望／を強く望む
491,desk,机
492,destitute,貧困の，困窮した
493,destroy,を破壊する
494,detailed,詳細の
495,deterioration,悪化
496,detour,迂回する
497,devastation,荒廃，壊滅
498,develop,を発達させる
499,development,開発
500,device,装置
501,devise,考え出す，工夫する
502,devoted,献身的な
503,diabetes,糖尿病，高血糖症
504,dialect,方言
505,diary,日記
506,dictionary,辞書
507,die,死ぬ
508,difference,ちがい
509,different,色々な、違った
510,difficult,難しい
511,dignity,威厳，尊厳
512,dilemma,板挟み，窮地
513,dinner,夕食
514,dinosaur,恐竜
515,dioxide,二酸化物
516,diplomatic,外交の，外交上の
517,directly,直接に
518,disabled,体の不自由な
519,disagree,意見が合わない
520,disagree,反対する
521,disappear,姿を消す、消滅する
522,disappearance,失踪，消滅
523,disappointment,失望，期待外れ
524,disaster,災害
525,discord,不一致，不和
526,discourage,をがっかりさせる
527,discover,発見する
528,discrimination,差別
529,discrimination,差別，不公平な扱い
530,discuss,話し合う
531,discussion,討論
532,disease,病気
533,dish,皿、料理
534,dislike,嫌う
535,dissent,異議を唱える，反対する
536,distance,距離
537,distribution,分布，配分
538,diversity,多様性
539,do,をする、行う
540,doctor,医者
541,doctrine,教義，信条
542,documentary,事実を記録した
543,dog,イヌ
544,doll,人形
545,domestic,国内の
546,donate,を寄付する
547,donate,寄付する
548,door,戸
549,dormitory,寮
550,dosage,投与量，服用量
551,dot,点
552,doubt,疑い，疑問
553,down,下に
554,dozen,12の
555,drainage,排水，排水路
556,drama,劇
557,draw,描く、引く
558,draw,描く，引っ張る
559,drawback,欠点，短所
560,dread,ひどく怖がる，恐れる
561,dream,夢
562,drink,を飲む
563,drive,運転する
564,driver,運転手
565,drop,を落とす
566,drove,運転した
567,drum,太鼓、ドラム
568,dry,乾く
569,due,期限の，納期の
570,during,～の間
571,during,の間
572,duty,職務、義務
573,each,それぞれの、各自の
574,ear,耳
575,early,早く
576,earn,をかせぐ
577,Earth,地球
578,earthquake,地震
579,ease,容易さ，気楽さ
580,easily,簡単に
581,east,東
582,easy,簡単な
583,eat,を食べる、食事をする
584,economics,経済学
585,ecosystem,生態系
586,effective,効果的な
587,effectively,効果的に
588,effort,努力
589,egg,卵
590,eight,8
591,eighteen,18
592,eighth,8番目
593,eighty,80
594,elbow,ひじ
595,elderly,年配の
596,election,選挙
597,electric,電気の
598,electrical,電気の，電気を用いた
599,electricity,電力
600,electricity,電気，電流
601,electronic,電子の
602,elephant,ゾウ
603,elevate,上げる，昇進させる
604,eleven,11
605,eleventh,11番目
606,else,その他に
607,emergency,緊急事態
608,empathy,共感，感情移入
609,emphasis,強調，力説
610,employ,雇う
611,employee,従業員
612,encourage,を勇気づける
613,end,最後
614,endangered,絶滅の危機にさらされている
615,ending,終わり，結末
616,endorse,支持する
617,enemy,敵
618,engage,従事させる，引き込む
619,engineer,開発者
620,English,英語
621,enjoy,を楽しむ
622,enough,十分な、必要なだけの
623,enrich,豊かにする
624,enroll,入学する
625,enter,入る
626,entertainment,娯楽
627,enthusiasm,情熱，熱狂
628,enthusiastic,熱狂的な
629,entire,全体の，全部の
630,entirely,全体的に，全く
631,entrance,入口
632,envelope,封筒
633,environment,環境，状況
634,environment,環境，周囲
635,enzyme,酵素，生化学的触媒
636,epic,大作，壮大な作品
637,epoch,時代，歴史の節目
638,equity,公平，普通株
639,era,時代
640,eraser,消しゴム
641,especially,特に、とりわけ
642,especially,特に
643,essay,論文，小説
644,establish,を設立する
645,establish,確立する，設立する，創設する
646,establishment,設立
647,estate,財産
648,evacuation,避難
649,even,でさえ
650,evening,夕方
651,event,行事
652,eventually,最後には
653,eventually,最終的には
654,ever,今まで，かつて
655,every,毎、ごとに
656,everyone,みんな
657,everything,何でも
658,everywhere,どこでも
659,evoke,呼び起こす，引き起こす
660,evolution,進化，発展
661,evolutionary,進化的な，進化論の
662,exactly,正確に
663,exam,試験
664,example,例、実例
665,except,を除いて
666,exception,例外
667,exceptionally,例外的に
668,excessive,過度の，極端な
669,exchange,交換
670,excited,わくわくした
671,exciting,興奮させる
672,exclusively,排他的に，限定して
673,excuse,を許す
674,excuse,許す
675,exercise,練習する
676,exhaust,疲れ果てさせる，消耗させる
677,exhibition,展示
678,expedite,促進する
679,expedite,促進する，迅速化する
680,expensive,高価な，費用のかかる
681,experience,を経験する
682,experiment,実験，試み
683,explain,を説明する
684,exploit,偉業，業績
685,explosion,爆発
686,expose,明らかにする，公開する
687,express,表現する，を言い表す
688,expulsion,排除，除名
689,extend,を広げる
690,extent,程度，大きさ
691,extinction,絶滅
692,extinguisher,消火器
693,eye,目、視力
694,face,顔
695,facility,施設、設備
696,fact,事実，現実
697,factor,要因
698,factory,工場
699,fail,失敗する
700,failure,失敗
701,fairly,かなり，公平に
702,faith,信頼，信用
703,`false,誤った
704,fall,転ぶ、転倒する
705,fall under,支配下に入る，分類される
706,familiar,見慣れた，よく知られた
707,family,家族
708,famous,有名な
709,fantastic,すばらしい
710,far,遠くに
711,farm,農場
712,farmer,農場主
713,fascinate,魅了する
714,fast,速い
715,fat,太った
716,father,父
717,fault,欠点，短所
718,faulty,欠点のある
719,favor,親切な行為
720,favorable,好ましい
721,favorable,好ましい，有利な
722,favorite,好きな、お気に入りの
723,fear,を恐れる，恐がる／恐れ
724,feather,羽
725,feature,特色
726,February,2月
727,feedback,意見
728,feel,と感じる
729,felt,感じた
730,fence,塀
731,fertile,肥沃な，多産の
732,fertilizer,肥料
733,festival,祭り
734,fever,熱
735,few,少しの
736,fiber,繊維
737,fiction,小説
738,fifteen,15
739,fifth,5番目
740,fifty,50
741,fight,たたかう
742,fill,いっぱいにする
743,film,映画
744,final,最後の
745,finally,ついに，やっと
746,find,を発見する
747,fine,元気な
748,finger,手の指
749,finish,を終える
750,fire,火
751,first,1番め、最初
752,fish,魚
753,five,5
754,fix,固定する
755,flat,平らな
756,flight,飛行
757,floor,階
758,flour,小麦粉
759,flow,流れる
760,flower,花
761,fly,飛ぶ
762,focus,集中する
763,fold,を折る，折りたたむ
764,follow,に従う
765,follower,支持者
766,fond,好きで
767,food,食べ物
768,fool,馬鹿
769,foolish,愚かな
770,foot,足
771,for,として
772,forcible,強制的な，強い
773,foreign,外国の
774,foremost,主要な，最も重要な
775,forest,森、森林
776,forget,を忘れる
777,formally,正式に
778,former,前の，以前の
779,formidable,恐ろしい，手ごわい
780,forth,前へ
781,fortunately,幸運にも
782,forty,40
783,forward,前方へ
784,fossil,化石
785,found,を見つけた
786,found,設立する
787,founder,創設者
788,four,4
789,fourteen,14
790,fourteenth,14番目
791,fourth,4番目
792,fox,キツネ
793,frame,骨組み，枠組み
794,free,ひまな
795,freedom,自由
796,freely,自由に
797,fresh,新鮮な
798,Friday,金曜日
799,friend,友達
800,friendly,好意的な
801,frighten,怖がらせる
802,frog,カエル
803,from,【時間】から
804,front,前、正面
805,fruit,果物
806,full,完全な、完ぺきな、最適な
807,fully,十分に，完全に
808,fun,楽しい
809,functional,実用的な
810,funny,おかしな
811,future,未来
812,garage,車庫
813,garbage,ゴミ
814,garbage,生ゴミ，くず
815,gas,ガソリン
816,gather,を集める
817,gave,与えた
818,gaze,凝視する，見つめる
819,general,一般的な
820,gentle,やさしい
821,gently,やさしく
822,geology,地質学，岩石の科学
823,get,を得る
824,gift,贈り物
825,girl,少女
826,give,を与える、渡す
827,give rise to,を生じさせる，を引き起こす
828,given,与えた
829,glacier,氷河
830,glad,うれしい
831,glance,ひとめ見る
832,global,地球の
833,globe,地球
834,glowing,白熱した、真っ赤に熟した
835,go,行く
836,god,神
837,good,良い
838,got,得た
839,govern,統治する
840,government,政府
841,grade,等級
842,graduate,卒業する
843,graduation,卒業
844,grand,壮大な
845,grandfather,祖父
846,grandmother,祖母
847,grape,ブドウ
848,graph,図表
849,grass,草
850,great,すばらしい
851,green,緑
852,grew,育った
853,ground,地面
854,grow,成長する
855,growth,増加
856,guess,を推測する
857,guest,客
858,guide,案内人
859,guilt,罪悪感，有罪
860,gun,鉄砲
861,gym,体育館
862,habit,習慣
863,had,持った
864,hair,髪
865,half,半分、2分の1
866,hall,会館、ホール
867,hand,手
868,handicraft,手芸
869,handle,を処理する
870,handout,配布物
871,hang on to,にしがみつく，執着する
872,happen,起こる
873,happen,起こる，発生する
874,happily,幸せに，楽しく
875,happiness,幸福
876,happy,幸せな、うれしい、楽しい
877,hard,熱心に、一生懸命に
878,hardly,ほとんどない
879,harmonize,調和させる
880,harsh,厳しい，過酷な
881,hat,帽子
882,have,を持っている
883,he,彼は
884,head,頭
885,headache,頭痛
886,health,健康
887,healthy,健康な
888,hear,聞く
889,heard,聞いた
890,heart,心
891,heat,熱
892,heaven,天国
893,heavy,重い
894,hedge,垣根，防止策
895,held,開催した
896,help,を手伝う、助ける
897,helpful,役に立つ
898,here,ここに
899,hereby,ここに
900,heritage,遺産
901,hers,彼女のもの
902,herself,彼女自身
903,hierarchical,階層的な，階級制の
904,hill,丘
905,him,彼を
906,himself,彼自身を
907,his,彼の
908,history,歴史
909,hit,打つ
910,hobby,趣味
911,hold,をつかむ
912,hold over,を持ち越す，延期する
913,hold up,持ちこたえる，耐える
914,hole,穴
915,holiday,休日、休暇
916,holy,神聖な
917,home appliances,家電
918,homework,宿題
919,honest,正直な
920,honey,蜂蜜
921,hope,を望む
922,hopeful,希望を持っている
923,horizon,地平線，水平線
924,horror,恐怖
925,horse,馬
926,hospital,病院
927,host,主人
928,hot,暑い
929,hour,1時間
930,house,家、住宅
931,how,どんな
932,however,しかしながら、けれども
933,however,しかしながら，けれども
934,huge,巨大な，莫大な
935,human,人間、人
936,humanity,人間，人間性
937,hundred,百
938,hunger,飢え，空腹
939,hungry,空腹の、飢えた
940,hunt,を狩る
941,hunting,狩り
942,hurry,急ぐ
943,hurt,を傷つける
944,husband,夫
945,hygiene,衛生
946,hypothesis,仮説，推測
947,I,私は[が]
948,ice,氷
949,idea,考え
950,idealization,理想化，理想の実現
951,identical,全く同じ
952,if,もし～ならば
953,ill,病気の
954,illegal,違法な
955,illiterate,読み書きのできない
956,illustrate,説明する，図解する
957,image,画像，印象
958,imagine,想像する
959,immediate,即座の
960,immediately,即座に，すぐに
961,impact,影響，衝撃
962,implant,植え付ける，移植する
963,import,を輸入する
964,important,重要な、大切な
965,improve,を改善する
966,improve,を改善する，改良する
967,in,中に
968,in hope of,へ希望を抱いて，を期待して
969,in person,直接に，対面で
970,in place of,の代わりに，変わって
971,in spite of,にも関わらず
972,in-person,対面で
973,in-store,お店の中で
974,inadequate,不十分な，不適切な
975,inattentive,不注意な
976,inaugurate,就任させる
977,include,を含む
978,inconsistent,一貫しない，矛盾した
979,increase,を増やす，増大させる
980,incur,招く，負う
981,indeed,実に
982,indeed,実に，本当に
983,independence,独立
984,independent,独立した，自立した
985,industry,産業，工業
986,infectious,伝染性の，感染する
987,influence,に影響を及ぼす
988,influence,に影響を及ぼす／影響
989,information,情報
990,inherent,本来の，固有の
991,inheritance,継承，相続
992,initial,当初の，初期の
993,initiate,始める，開始する
994,injure,を傷つける
995,inner,内部の，内側の
996,inquiry,問い合わせ，質問
997,insect,昆虫
998,inside,内側の
999,inside,中身，内部
1000,instead,そのかわりに
1001,instruction,指示
1002,instructive,有益な，教育的な
1003,integrate,統合する，一体化する
1004,intelligence,賢さ，聡明さ
1005,interdependent,相互に依存している
1006,interest,興味
1007,interesting,興味深い
1008,interfere,干渉する，阻害する
1009,international,国際的な
1010,interrupt,の邪魔をする，を中断させる
1011,intimate,親密な
1012,into,～の中へ
1013,introduce,を紹介する
1014,intuitive,直感的な
1015,invent,を発明する
1016,invention,発明
1017,inventor,発明家
1018,investigate,を調査する
1019,invite,を招待する
1020,involve,を含む，を巻き込む
1021,involvement,関与，関わり合い
1022,iron,鉄
1023,ironically,皮肉なことに，逆説的に
1024,is,です、ます
1025,island,島
1026,issue,問題，（雑誌などの）号
1027,it,それを
1028,item,項目，品目
1029,its,それの、その
1030,ivory,象牙，象牙質の
1031,January,1月
1032,Japan,日本
1033,Japanese,日本の
1034,jewel,宝石
1035,job,仕事
1036,join,に参加する
1037,joy,喜び
1038,judge,審判員
1039,July,7月
1040,jump,跳ぶ
1041,jump at,に飛びつく，すぐに受け入れる
1042,June,6月
1043,junior,年下の
1044,just,ちょうど、まさに
1045,justify,を正当化する
1046,keep,し続ける
1047,keep up on,の最新状況を把握する，追いつく
1048,kept,し続けた
1049,key,鍵
1050,kill,を殺す
1051,kind,親切な
1052,kindliness,親切さ
1053,king,王様
1054,kit,道具一式
1055,knee,ひざ
1056,knew,知っていた
1057,knife,ナイフ
1058,know,を知っている
1059,knowledge,知識
1060,knowledge,知識，学識
1061,lack,不足，欠乏
1062,lake,湖
1063,lamp,明かり
1064,land,土地
1065,language,言葉
1066,lap,ひざ
1067,large,大きい、広い
1068,largely,主として，大部分は
1069,last,この前の
1070,later,～の後で
1071,later,後に
1072,latest,最新の
1073,latter,後者の，後半の
1074,laugh,笑う
1075,law,法律
1076,law,法律，法
1077,lawyer,弁護士
1078,layer,層
1079,lazy,怠け者の
1080,lead,を導く
1081,leaf,葉
1082,leap,跳ぶ，はねる
1083,learn,学ぶ
1084,leave,去る
1085,left,左
1086,leg,脚
1087,legacy,遺産
1088,legal,法律の
1089,lend,貸す
1090,less,もっと少なく
1091,lesson,授業
1092,let,～に～をさせる
1093,let's,～しよう
1094,letter,手紙
1095,level off,平らにする，水平にする
1096,library,図書館
1097,lie,嘘
1098,life,生活
1099,light,光
1100,like,を好む
1101,likewise,同様に
1102,limited,限られた
1103,line,列、並び
1104,link,接続
1105,lip,唇
1106,list,表
1107,listen,聞く
1108,literacy,読み書き
1109,literally,文字通りに
1110,little,小さい，かわいい
1111,live,住む
1112,local,地方の、地元の
1113,log,丸太
1114,lonely,さびしい
1115,long,長い
1116,look,見る
1117,loose,ゆるんだ
1118,lord,領主，支配者
1119,lose,負ける
1120,loss,失うこと，喪失
1121,lost,負けた
1122,loud,声の大きい
1123,lovely,美しい
1124,low,低い
1125,low frequency,低周波，低頻度
1126,loyalty,忠誠，誠実
1127,luck,運、幸運
1128,lucky,幸運な
1129,luggage,手荷物
1130,lullaby,子守歌
1131,lunch,昼食
1132,machine,機械
1133,made,作った（過去形）
1134,magazine,雑誌
1135,magnitude,大きさ，規模
1136,make,を作る
1137,make ends meet,収支を合わせる，つじつまを合わせる
1138,malfunction,故障
1139,mammal,哺乳動物
1140,man,男性、男の人
1141,many,たくさんの
1142,map,地図
1143,March,3月
1144,mark,印
1145,market,市場
1146,marry,結婚する
1147,mass,塊，大部分
1148,match,試合
1149,material,材料，原料
1150,math,数学
1151,matter,問題，困ったこと
1152,May,5月
1153,maybe,たぶん、もしかすると
1154,mayor,市長
1155,me,私に
1156,meal voucher,食事券
1157,mean,を意味する
1158,mean,を意味する，方法
1159,meaning,意味
1160,meant,意味した
1161,measure,をはかる
1162,measure,措置，測るもの／を測る
1163,meat,肉
1164,medicine,薬
1165,medieval,中世の，時代遅れの
1166,medium,中ほどの
1167,meet,と会う
1168,memory,記憶
1169,mental,精神の，心の
1170,merchant,商人
1171,mere,単なる，わずかな
1172,metabolism,代謝，生体の化学反応
1173,metal,金属
1174,microbial,微生物の，細菌の
1175,middle,真ん中
1176,midnight,真夜中
1177,military,軍隊の
1178,million,100万
1179,mind,精神
1180,mine,私のもの
1181,mineral,鉱物
1182,mini,小型の
1183,minimal,最小限の，最低限の
1184,mining,採鉱，採掘
1185,ministry,省庁
1186,minute,分
1187,minute,分，議事録
1188,mirror,鏡
1189,misfortune,不幸，災厄
1190,miss,さびしく思う
1191,mist,霧
1192,mistake,誤り
1193,misunderstand,を誤解する
1194,misunderstand,勘違いする
1195,mix,混ぜる
1196,moderately,適度に，適切に
1197,modern,現代的な
1198,modern,現代的な，近代的な
1199,moment,瞬間
1200,moment,瞬間，時点
1201,Monday,月曜日
1202,monetary,金融の，金銭の
1203,money,お金
1204,monkey,サル
1205,month,月、１か月
1206,monthly,月に1回の
1207,monument,記念碑
1208,moon,月
1209,more,よりもっと
1210,moreover,さらに
1211,morning,朝
1212,most,最も
1213,mostly,主に，ほとんど
1214,mother,母
1215,mother-in-law,義理の母，義母
1216,mountain,山
1217,mouse,ネズミ、ハツカネズミ
1218,mouth,口
1219,move,を動かす
1220,movement,運動
1221,movie,映画
1222,much,[動詞を修飾して]おおいに、たいへん
1223,multinational,多国籍の，複数の国籍からなる
1224,multitude,大勢，多く
1225,museum,博物館、美術館
1226,music,音楽
1227,musical,音楽の
1228,musician,音楽家
1229,Muslim,イスラム教徒
1230,must,しなければならない
1231,my,私の
1232,myself,私自身
1233,mystery,神秘的な／神秘
1234,myth,神話
1235,name,名前
1236,narrative,物語，話
1237,nation,国家
1238,national,国の、国家の
1239,natural,自然の
1240,nature,自然
1241,near,の近くで
1242,neat,きちんとした
1243,necessary,必要な
1244,neck,首
1245,need,を必要とする
1246,negative,否定的な，良くない
1247,negotiate,交渉する
1248,negotiation,交渉，話し合い
1249,neighbor,近所の人
1250,neither,～も～もない
1251,nest,巣
1252,net,網
1253,never,今までに一度もしない
1254,new,新しい
1255,newspaper,新聞
1256,next-door,隣の家、隣の
1257,nice,良い
1258,night,夜
1259,nine,9
1260,nineteen,19
1261,ninety,90
1262,ninth,9番目
1263,nitrogen,窒素，化学元素
1264,nobility,尊さ，高貴さ
1265,noise,騒音
1266,noisy,騒がしい
1267,nonrefundable,返金不可の
1268,noon,正午
1269,north,北
1270,nose,鼻
1271,not,でない
1272,note,紙幣
1273,notebook,ノート
1274,nothing,何もない
1275,nourishment,栄養，滋養
1276,November,11月
1277,nuclear,核の，原子力の
1278,number,数、数字
1279,nurse,看護婦
1280,obey,従う，服従する
1281,objection,異議
1282,obvious,明白な
1283,occupation,職業
1284,occur,発生する
1285,ocean,大洋，海
1286,October,10月
1287,odd,変な，奇数の
1288,of,～の
1289,office,事務所
1290,often,よく
1291,oil,油
1292,old,古い
1293,on,【場所】の上に
1294,on the rise,上昇中で，増加中
1295,once,かつて
1296,once,かつて，1度
1297,one,1
1298,only,～だけ
1299,open,を開ける
1300,operation,手術
1301,opinion,意見，考え
1302,opposite,反対の，向こう側の
1303,opposition,反対，対立
1304,or,そうしなければ
1305,oral,口頭の，口の
1306,order,注文する
1307,ordinary,ふつうの
1308,ordinary,普通の，通常の，平凡な
1309,organ,臓器，器官
1310,organic,無農薬の，有機の
1311,organism,生命体，生物
1312,orient,東洋
1313,originally,はじめは
1314,other,他の
1315,ought to,するべき
1316,our,私たちの
1317,ours,私たちのもの
1318,out,外に
1319,outgoing,社交的な
1320,outline,概要，輪郭
1321,outside,外で
1322,over,向こうへ
1323,overbook,過剰予約する
1324,overhead,間接の
1325,overnight,一晩中，夜通しで
1326,overseas,海外の
1327,own,自分自身の
1328,own,自分自身の，私の
1329,p．m．,午後
1330,pack up,を荷造りする，詰める
1331,paid,支払い済みの
1332,pain,痛み
1333,painful,苦痛な，痛い
1334,paint,描く
1335,painter,画家
1336,painting,絵をかくこと
1337,pair,一組
1338,pal,友だち
1339,palace,宮殿
1340,pale,青ざめた
1341,palm,手のひら
1342,paper,紙
1343,paramount,最高の，最重要の
1344,parent,親
1345,park,公園
1346,part,部分
1347,particular,特定の，個々の
1348,pass,を通り過ぎる
1349,past,過去の
1350,past,過去の，終わった
1351,patch,当て布，布切れ
1352,patriotism,愛国心，忠誠心
1353,pay,払う
1354,pay off,全部払う，完済する
1355,paycheck．,給料
1356,peace,平和
1357,peaceful,平和な
1358,pediatric,小児科の
1359,pencil,鉛筆
1360,peninsula,半島
1361,people,人々
1362,perceive,知覚する
1363,perfect,完全な
1364,perform,演じる
1365,perhaps,多分
1366,perimeter,周囲
1367,period,期間、時間
1368,perish,滅びる，死ぬ
1369,permanent,永久の
1370,permanent,永久の，常設の
1371,person,人
1372,personal,個人の
1373,personality,人格，性格
1374,petition,嘆願，請願
1375,pharmaceutical,医薬品の
1376,pharmacist,薬剤師
1377,phase,段階，局面
1378,philosophical,哲学的な，思索的な
1379,philosophy,哲学，人生観
1380,photograph,写真
1381,physical,身体の，肉体の
1382,pick,を摘む
1383,picture,絵、写真
1384,piece,断片
1385,pig,ブタ
1386,place,場所
1387,plain,簡素な，わかりやすい
1388,plan,を計画する
1389,plane,飛行機
1390,planet,惑星
1391,plant,植物
1392,plate,お皿
1393,play,を演奏する
1394,player,選手
1395,playful,楽しげな
1396,plead,懇願する，お願いする
1397,please,気に入る，喜ばせる
1398,pleased,喜んで
1399,pleasure,喜び
1400,plebiscite,国民投票，普通選挙
1401,plenty,たくさん
1402,poem,詩
1403,poet,詩人
1404,point,特徴，論点
1405,police,警察官
1406,policeman,警官
1407,politics,政治
1408,poll,投票
1409,pollution,汚染，汚れ
1410,pond,池
1411,poor,貧しい
1412,popular,人気のある
1413,populous,人口の多い
1414,pork,豚肉
1415,port,港
1416,portable,携帯できる
1417,portray,描く，表現する
1418,positive,前向きな
1419,possess,所有する，持っている
1420,possible,可能な
1421,possibly,ひょっとすると
1422,postpone,を延期する，延ばす
1423,pottery,陶器
1424,practice,を練習する
1425,precious,貴重な
1426,prediction,予測
1427,pregnant,妊娠している
1428,prepared,用意ができている
1429,prerequisite,前提条件
1430,prescribe,処方する
1431,presence,存在，姿，出席
1432,present,現在の，出席して
1433,preserve,を保存する
1434,president,大統領
1435,pretty,かわいい，きれいな
1436,prevent,を妨げる，予防する
1437,previous,前の，以前の
1438,prey,獲物，捕食対象
1439,price,値段
1440,primitive,原始的な
1441,prince,王子
1442,print,を印刷する
1443,priority,優先度，優先権
1444,prize,賞
1445,probably,多分
1446,probably,おそらく
1447,problem,問題
1448,procedure,手続き，手順
1449,process,過程／を加工処理する
1450,prod,突く，呼び起こす
1451,produce,を生産する
1452,product,製品
1453,professor,教授
1454,progress,進歩
1455,proliferation,拡散，増殖
1456,promise,約束
1457,prompt,即座の
1458,properly,適切に，ほどよく
1459,proposition,提案，主張
1460,prospect,見通し，見込み
1461,prospective,予測される，期待される
1462,protect,を守る，保護する
1463,protective,保護的な，保護する
1464,protest,抗議する
1465,provision,供給，支給
1466,provoke,挑発する，引き起こす
1467,proximity,近さ，近接
1468,pull,を引く
1469,pull in,到着する，片側に寄る
1470,punctual,時間厳守の
1471,puppy,子犬，幼犬
1472,purple,紫色
1473,pursue,を追い求める
1474,push,を押す
1475,put,を置く
1476,put A aside,Aを脇に置く，Aを放置する
1477,put forth,を進める，出す
1478,quarter,4分の1
1479,quarter,4つに分けた1つ
1480,quartet,四人組
1481,queen,女王
1482,question,質問
1483,quick,速い
1484,quickly,すぐに
1485,quiet,静かな
1486,quietly,静かに，落ち着いて
1487,quit,やめる
1488,quite,かなり，相当
1489,quotation,見積り，引用
1490,rabbit,ウサギ
1491,race,競走
1492,radiation,放射線
1493,radical,急進的な，抜本的な
1494,railway,鉄道
1495,rain,雨
1496,rainwater,雨水
1497,rainy,雨降りの
1498,raise,手などを挙げる
1499,rapidly,速く，急速に
1500,rapidly,急速に，素早く
1501,rare,まれな，珍しい
1502,rat,ネズミ
1503,rather,むしろ，どちらかといえば
1504,raw,生の
1505,reach,に着く，到着する
1506,read,を読む
1507,reading,読書
1508,ready,用意できている
1509,real,本当の
1510,realistic,現実的な
1511,realize,だと気づく
1512,really,本当に、実際に
1513,rear,後部の
1514,reason,理由
1515,reassurance,安心，再保証
1516,reassure,安心させる
1517,rebellion,反乱，暴動
1518,receive,を受け取る
1519,recently,最近
1520,reception,応接，歓迎
1521,recognize,だと分かる
1522,recognize,だと分かる，だと認識する
1523,reconfiguration,再構成
1524,red,赤
1525,redesign,再設計，再設計する
1526,reduce,を減らす，縮小する
1527,refer,言及する
1528,refund,払い戻す，返金する
1529,refusal,拒否，拒絶
1530,refuse,を拒否する
1531,regardless of,にも関わらず
1532,regime,政権，政府
1533,reimbursed,払い戻された
1534,reject,拒否する
1535,relate,を～に関係させる
1536,relation,関係
1537,relationship,関係
1538,relatively,比較的
1539,relatively,比較的，相対的に
1540,release,を放出する
1541,relief,安堵，軽減
1542,reluctant,しぶしぶの，気が進まない
1543,rely,頼る
1544,remember,を思い出す
1545,remind,を気づかせる
1546,reminder,催促，注意喚起
1547,removal,除去，取り除く
1548,remove,を取り除く
1549,renewable,再生可能な
1550,renovate,改修する，改装する
1551,rent,家賃
1552,repay,返済する，報いる
1553,reply,と答える
1554,report,報告
1555,represent,を表す，を代表する
1556,research,を研究する
1557,research,を研究する，調べる
1558,researcher,研究者
1559,reservation,予約
1560,reside,住む，居住する
1561,residence,住宅，居住地
1562,resident,住民，居住者
1563,resource,資源
1564,respect,を尊敬する
1565,responsibility,責任，責務
1566,rest,休息
1567,restriction,制限
1568,result,結果
1569,resume,再開する，続ける
1570,retrieve,取り戻す
1571,return,帰る、戻る
1572,revenue,収益，所得
1573,rhyme,韻をふむ
1574,rhythm,リズム，調子
1575,rice,米、ご飯
1576,rich,金持ちの
1577,ride,乗る
1578,ridge,尾根
1579,ridicule,あざ笑う，嘲笑する
1580,right,右
1581,rigorous,厳格な
1582,ring,指輪
1583,rise,のぼる、上がる、上昇する
1584,river,川
1585,road,道
1586,rock,岩
1587,rode,乗った
1588,role,役、役割
1589,roll up,を巻き上げる，巻く
1590,roof,屋根
1591,room,部屋
1592,root,根
1593,rose,昇った
1594,round,丸い
1595,round up,寄せ集める，切り上げる
1596,routine,決まった動作，繰り返し
1597,routinely,日常的に，いつものように
1598,row,列
1599,rule,規則
1600,rule out,を除外する，締め出す
1601,ruler,定規
1602,ruling,支配的な，主要な，優勢な
1603,run,走る
1604,rural,田舎の，農村の
1605,rush,殺到
1606,sacred,神聖な
1607,sacrifice,犠牲
1608,sad,悲しい
1609,safely,安全に
1610,said,言った（過去形）
1611,sailor,船員
1612,salad,サラダ
1613,salt,塩
1614,same,同一の
1615,satisfactory,満足のいく
1616,satisfy,を満足させる
1617,Saturday,土曜日
1618,save,を節約する
1619,saw,見た（過去形）
1620,say,を言う
1621,scarce,乏しい，不足している
1622,scarcity,不足，欠乏，欠如
1623,scared,こわがって
1624,scary,恐ろしい
1625,school,学校
1626,science,科学
1627,scientific,科学の
1628,scientist,科学者
1629,sea,海
1630,season,季節
1631,seasonal,季節の
1632,second,2番目
1633,secret,秘密
1634,see,を見る
1635,seed,種子
1636,seem,～のように思われる
1637,seemingly,一見すると，表面上
1638,segment,区切り，部分
1639,seldom,めったにしない
1640,select,を選ぶ
1641,selection,選択
1642,sell,を売る
1643,semester,学期，学期間
1644,send,を送る
1645,senior,年上の，上級の
1646,sense,感覚
1647,sent,送った
1648,sentence,文
1649,September,9月
1650,serious,重大な
1651,set,置く
1652,settle,決着させる，解決する
1653,seven,7
1654,seventeen,17
1655,seventy,70
1656,severe,厳しい
1657,severe,厳しい，厳格な
1658,sexuality,性的関心，性的志向
1659,shade,陰，日陰
1660,shadow,影
1661,shake,震える
1662,shaking,揺れ
1663,shape,形
1664,share,を共有する
1665,sharp,鋭い
1666,she,彼女は
1667,sheep,ヒツジ
1668,shelter,避難所
1669,ship,船
1670,shirt,シャツ
1671,shoe,くつ
1672,shoot,撃つ
1673,shop,店
1674,shopping,買物
1675,short,短い
1676,shortly,まもなく
1677,should,すべきである
1678,shoulder,肩
1679,shout,叫ぶ
1680,show,を見せる
1681,show off,見せびらかす
1682,shy,恥ずかしがりの
1683,sick,病気の
1684,side,側面
1685,sidewalk,歩道
1686,sigh,ため息をつく
1687,sight,視界
1688,sign,合図，標識
1689,signal,信号
1690,significant,重要な
1691,silent,静かな
1692,silk,絹
1693,silver,銀
1694,similar,同じような
1695,similar,同じような，似ている
1696,simple,単純な，簡単な
1697,since,～以来
1698,sincere,誠実な，真剣な
1699,sinful,罪深い，悪い
1700,sing,を歌う
1701,singer,歌手
1702,sink,沈む
1703,sister,姉妹
1704,sit,座る
1705,site,場所
1706,six,6
1707,sixteen,16
1708,sixth,6番目
1709,sixty,60
1710,sizable,相当大きな、かなり多くの
1711,skeptical,懐疑的な，疑い深い
1712,skill,技術
1713,sky,空
1714,sleep,眠る
1715,sleepy,眠い
1716,slight,かすかな，わずかの
1717,slight,かすかな
1718,slightly,わずかに
1719,slowly,ゆっくりと
1720,small,小さい
1721,smell,においがする
1722,smile,ほほえむ
1723,smoke,煙
1724,smooth over,丸く収める，穏便に済ます
1725,snake,ヘビ
1726,snow,雪
1727,snowy,雪の降る
1728,so,とても
1729,social,社会の
1730,socially,社会的に
1731,society,社会
1732,soft,やわらかい
1733,soil,土
1734,sold,売った
1735,solely,単独で，専ら
1736,solid,固い，固形の
1737,solve,を解決する
1738,solve,解く，解決する
1739,some,いくつかの
1740,somehow,何らかの形で
1741,someone,だれか，ある人
1742,something,なにか
1743,sometime,いつか
1744,sometimes,ときどき
1745,somewhere,どこかに
1746,son,息子
1747,song,歌
1748,soon,すぐに
1749,sorry,残念で
1750,sort,種類
1751,sound,に聞こえる
1752,soup,スープ
1753,source,情報源，原因
1754,south,南
1755,speak,を話す
1756,special,特別の
1757,species,種
1758,species,種類，種族
1759,specific,特定の
1760,spectacular,壮観な
1761,spectacular,壮観な，見事な
1762,speech,演説
1763,spell,をつづる
1764,spelling,綴り
1765,spend,を過ごす
1766,spice,香辛料
1767,spite,悪意，恨み
1768,spoil,台無しにする，損なう
1769,spoilage,腐敗，損傷物
1770,spoke,話した
1771,spread,を広げる
1772,spread,を広げる，拡大する
1773,spring,春
1774,spruce,気の利いた
1775,spur,刺激，触発
1776,square,正方形の
1777,squeeze,絞る，押しつぶす
1778,stability,安定性
1779,stamp,切手
1780,stand,立つ
1781,stand over,を監督する，延期する
1782,standard,基準
1783,star,星
1784,stark,正真正銘の，純粋な
1785,state,状態，状況
1786,station,駅
1787,stationery,文房具
1788,statistics,統計
1789,statue,像
1790,statutory,法廷の
1791,stay,滞在する
1792,steady,着実な，安定した
1793,steam,蒸気
1794,step,足元，階段
1795,stick,棒
1796,stick with,に固執する，堅持する
1797,still,まだ
1798,stitch,ひと編み，縫い目
1799,stone,石
1800,stop,止める
1801,store,を蓄える
1802,story,物語
1803,straight,真っすぐに
1804,strange,奇妙な
1805,stranger,見知らぬ人
1806,stream,流れ
1807,street,通り
1808,stretch,広がる
1809,strict,厳しい
1810,strict,厳しい，厳格な
1811,strike,打つ
1812,string,ひも、糸
1813,strong,強い
1814,struggle,もがき苦しむ
1815,student,生徒
1816,study,を勉強する
1817,sturdy,頑丈な
1818,stylish,おしゃれな
1819,subject,教科、科目
1820,subject,科目，題目
1821,subsequent,その後の，次の
1822,subway,地下鉄
1823,succeed,成功する
1824,success,成功
1825,successful,成功した
1826,such,そのような
1827,sudden,突然の，急な
1828,suddenly,突然に
1829,sue,訴える
1830,suffering,苦しみ
1831,suffering,苦痛，苦しみ
1832,sugar,砂糖
1833,suicide,自殺
1834,summer,夏
1835,summit,頂上
1836,sun,太陽
1837,Sunday,日曜日
1838,sunny,晴れの
1839,sunset,日没
1840,sunshine,日光
1841,super,とても，すごく
1842,superb,見事な
1843,superintendent,監督
1844,supermarket,スーパーマーケット
1845,supplement,補足
1846,supply,供給
1847,support,を支援する，応援する
1848,supposedly,たぶん，おそらく
1849,supreme,最高の
1850,sure,もちろん
1851,surely,確かに
1852,surgeon,外科医
1853,surgeon,外科医，手術医
1854,surpass,超える，勝る
1855,surprise,驚くべきこと
1856,surprised,驚いた
1857,surprisingly,驚いたことには
1858,surrender,降伏する，投降する
1859,surround,を囲む
1860,survey,調査
1861,survival,存続，生き残ること
1862,survive,生き残る
1863,suspect,疑う，だと思う
1864,sustainable,存続可能な
1865,sweep,掃く
1866,sweet,甘い
1867,swim,泳ぐ
1868,swimming,水泳
1869,syllable,音節
1870,sympathetic,思いやりのある，共感的な
1871,sympathize,同情する，共感する
1872,table,つくえ
1873,tail,尾
1874,take,を撮る
1875,tale,お話
1876,talent,才能
1877,talk,話す
1878,tall,背が高い
1879,taught,教えた
1880,tax,税，税金
1881,tea,お茶
1882,teach,教える
1883,teacher,先生、教師
1884,tear,涙
1885,tearful,涙を誘う，泣いている
1886,technical,技術上の，専門的な
1887,technology,科学技術
1888,telephone,電話
1889,tell,に話す
1890,temperature,温度，気温
1891,temple,寺
1892,ten,10
1893,tend,傾向がある
1894,tend to,する傾向がある，しがちな
1895,tenor,進路、趣旨
1896,tentative,暫定の
1897,tenth,10番目
1898,terrible,ひどい
1899,terrible,ひどい，不快な
1900,textbook,教科書
1901,than,よりも
1902,thank,に感謝する
1903,that,あの
1904,the,その
1905,theater,劇場
1906,their,彼らの
1907,theirs,彼らのもの
1908,them,彼らを
1909,themselves,彼ら自身
1910,then,そのとき
1911,theory,理論，学説
1912,there,そこに
1913,therefore,それゆえ，だから
1914,thermal,熱の，温度に関する
1915,these,これらの
1916,they,彼らは
1917,thick,厚い
1918,thing,もの、こと
1919,think,考える
1920,third,3番目
1921,thirteen,13
1922,thirty,30
1923,this,これ
1924,those,あれらの
1925,though,だけれども
1926,thought,考え
1927,thousand,千
1928,three,3
1929,through,を通り抜けて
1930,throw,投げる
1931,Thursday,木曜日
1932,tie,ネクタイ
1933,tiger,トラ
1934,tightly,しっかりと
1935,time,時間
1936,tiny,ごく小さな
1937,tired,疲れた
1938,title,題名，表題
1939,to,【方向・到達】の方へ
1940,today,今日、現在
1941,toe,つま先，足の指
1942,together,一緒に
1943,told,に伝えた
1944,tolerant,寛容な，容認する
1945,toll,通行料金
1946,tomorrow,明日
1947,tongue,言葉，舌
1948,tonic,強壮剤，健康促進剤
1949,tonight,今夜は
1950,too,もまた
1951,took,撮った
1952,tooth,歯
1953,touch,にさわる
1954,tough,困難な，難しい
1955,tourist,観光客
1956,toward,向かって，のほうへ
1957,towel,タオル
1958,tower,塔
1959,town,町
1960,toy,おもちゃ
1961,trade,貿易
1962,tradition,伝統
1963,traditional,伝統的な
1964,tragic,悲劇的な，悲劇的
1965,train,列車
1966,transfer,を移す，転送する
1967,transition,遷移，変遷
1968,translate,翻訳する
1969,translation,翻訳
1970,transport,を輸送する
1971,trash,ごみ、くず
1972,travel,旅行
1973,traveler,旅行者
1974,treadmill,踏み車，ルームランナー
1975,treasure,宝物
1976,tree,木
1977,trend,傾向，流行
1978,trigger,引き金
1979,trip,旅行
1980,truly,真に，正確に
1981,trust,を信用する
1982,trust,信頼，信用
1983,truthful,誠実な
1984,try,を試す
1985,Tuesday,火曜日
1986,turn,順番
1987,tutor,家庭教師，個別指導者
1988,tutorial,家庭教師の
1989,twelfth,12番目
1990,twelve,12
1991,twentieth,20番目
1992,twenty,20
1993,twice,2倍、2度
1994,twin,ふたご
1995,two,2
1996,tyranny,専制政治，圧政
1997,umbrella,傘
1998,uncle,おじ
1999,uncomfortable,心地の悪い
2000,under,下の
2001,undergraduate,大学生，学部生
2002,understand,を理解する
2003,understood,を理解した
2004,undesirable,望ましくない
2005,unfair,不公平な，不当な
2006,unhappy,不幸な
2007,uniform,制服
2008,union,統合，一致
2009,unique,独特な
2010,universal,普遍的な，万能の
2011,universe,宇宙
2012,university,大学
2013,unprecedented,前例のない
2014,unstable,不安定な
2015,unstable,不安定な，ゆらぎやすい
2016,until,まで，までは
2017,until,までに，まで
2018,unused,未使用の
2019,unusual,異常な，普通でない
2020,unveil,正体を現す
2021,up,上へ
2022,upset,気持ちが動揺した，ひっくり返す
2023,urban,都会の，都市の
2024,use,使う
2025,useful,役に立つ
2026,usual,通常の
2027,usually,普段、ふつう
2028,vacated,空いた
2029,vacation,休暇
2030,validate,検証する
2031,valley,谷
2032,vanguard,前衛
2033,various,いろいろな
2034,various,様々な
2035,vast,非常に大きな
2036,vegetable,野菜
2037,vending machine,自動販売機
2038,versatile,多才な，多目的に使える
2039,very,非常に
2040,village,町、村
2041,violation,違反，侵害
2042,violence,暴力
2043,virus,ウイルス
2044,visitor,観光客
2045,vocabulary,単語，語彙
2046,vote,投票，票
2047,vulnerable,傷つきやすい
2048,wage,賃金
2049,wait,待つ
2050,wake,目が覚める
2051,wan,血の気のない
2052,want,欲しい
2053,war,戦争
2054,warm,温暖な
2055,warrant,証明書，保証書
2056,waste,ごみ，廃棄物
2057,watch,腕時計
2058,water,水
2059,wave,波
2060,way,方法
2061,weak,弱い
2062,weaken,弱める，力を失う
2063,weapon,武器
2064,wear,着る
2065,wearable,身に付けることの出来る
2066,weather,天気
2067,weed,雑草，草取り
2068,weekly,週刊の
2069,weigh,重さがある
2070,weigh,の重さがある
2071,weight,重さ
2072,weight,重さ，体重
2073,well,健康な
2074,well-known,有名な
2075,well-off,裕福な
2076,wellness,健康
2077,west,西
2078,wet,濡れている
2079,when,するとき
2080,where,どこ
2081,which,どちらの
2082,while,しばらくの間
2083,whole,すべての
2084,wide,幅が広い
2085,widely,広範囲に
2086,wife,妻
2087,wild,野生の
2088,wilderness,荒野，未開の地
2089,will,～するつもり
2090,willing,いとわない，快諾する
2091,wind,風
2092,winner,勝者，受賞者
2093,wisdom,知恵
2094,wish,望む
2095,with,～と一緒に
2096,woke,目が覚めた
2097,won,勝った
2098,wonder,～かなと思う
2099,wood,木材
2100,word,言葉
2101,work,仕事
2102,work out,体を鍛える，うまく行く，解決する
2103,world,世界
2104,worry,心配させる
2105,worth,の価値がある
2106,worth,の価値がある，(～するに)値する
2107,would,だろうに
2108,wrap,を包む
2109,writer,作家
2110,wrong,間違った
2111,wrong,間違い，誤った
2112,wrote,書いた
2113,year,年
2114,yen,円
2115,yesterday,昨日
2116,yet,まだ
2117,young,若い
2118,youth,若さ
2119,zone,地帯
2120,zoo,動物園